price,area,bedrooms,bathrooms,stories,mainroad,guestroom,basement,hotwaterheating,airconditioning,parking,prefarea,furnishingstatus
4109000,2258,3,1,3,no,no,no,no,no,3,no,unfurnished
11001000,8078,4,3,3,no,yes,yes,no,no,0,yes,unfurnished
8363000,7063,4,1,1,yes,yes,no,no,yes,0,yes,unfurnished
8172000,5230,3,3,3,yes,yes,no,no,no,3,no,semi-furnished
9779000,5180,5,3,1,yes,no,yes,no,yes,1,no,semi-furnished
9579000,8798,3,1,2,no,no,no,no,yes,2,no,semi-furnished
6473000,2230,1,4,2,yes,no,no,no,yes,1,no,unfurnished
10102000,7427,4,2,1,yes,no,yes,no,yes,1,yes,semi-furnished
6952000,3212,3,4,1,yes,no,no,no,no,3,yes,unfurnished
5755000,2300,4,1,3,yes,no,no,no,no,0,yes,semi-furnished
8005000,5975,3,1,2,yes,no,no,no,yes,3,no,semi-furnished
10394000,9792,3,2,2,no,no,no,no,yes,3,no,unfurnished
8596000,7753,1,1,2,yes,no,no,no,yes,2,no,semi-furnished
8579000,7969,3,2,2,yes,no,no,no,no,1,no,unfurnished
10695000,7598,4,3,3,yes,yes,no,no,yes,0,no,semi-furnished
7763000,8181,2,1,1,yes,yes,no,no,no,2,no,semi-furnished
9745000,5862,4,3,3,no,no,no,no,yes,1,yes,semi-furnished
5214000,2588,1,1,3,yes,no,no,no,yes,0,yes,semi-furnished
8649000,8637,2,1,2,yes,no,no,no,no,1,yes,semi-furnished
8185000,5328,3,3,1,yes,no,no,yes,no,3,no,furnished
10577000,5752,5,4,1,yes,no,no,no,yes,1,yes,furnished
5768000,4651,2,1,3,no,no,no,no,yes,0,no,semi-furnished
6609000,3051,2,2,3,yes,no,no,no,no,2,no,semi-furnished
10976000,9377,3,4,1,yes,no,no,no,yes,0,no,semi-furnished
11511000,8143,5,4,1,no,no,no,no,no,3,yes,furnished
9453000,6972,5,3,1,yes,no,no,no,no,3,yes,semi-furnished
7141000,4920,1,2,1,yes,no,no,no,yes,3,yes,furnished
9129000,8493,2,2,3,yes,no,no,no,no,3,no,unfurnished
8995000,6136,5,3,3,yes,yes,no,no,no,0,no,unfurnished
7666000,5269,1,3,1,yes,no,yes,no,no,0,no,furnished
9741000,5328,5,2,3,yes,no,yes,no,yes,1,yes,semi-furnished
6404000,3431,2,1,1,yes,yes,no,no,yes,1,no,furnished
6935000,2283,5,1,2,yes,no,yes,yes,yes,3,no,semi-furnished
8917000,6213,2,4,2,yes,no,no,no,no,2,no,furnished
10426000,9047,3,2,3,yes,yes,no,yes,no,2,no,semi-furnished
7599000,2042,4,2,3,yes,no,yes,no,yes,3,yes,semi-furnished
9686000,8795,1,2,1,yes,no,no,no,yes,2,no,unfurnished
9917000,8534,3,4,1,yes,no,no,no,no,1,yes,furnished
4813000,3852,3,1,1,no,no,yes,no,yes,1,no,semi-furnished
7803000,6869,4,1,1,no,no,no,no,no,2,yes,unfurnished
7095000,2904,5,2,3,yes,no,no,no,no,0,yes,unfurnished
10648000,7943,4,2,3,yes,no,no,no,yes,2,no,semi-furnished
10922000,7454,3,3,1,yes,no,yes,yes,yes,2,yes,semi-furnished
7681000,4513,3,2,3,yes,yes,no,no,yes,2,no,semi-furnished
6100000,2077,3,2,2,yes,no,yes,no,no,2,no,semi-furnished
13943000,9750,5,4,2,yes,no,no,no,yes,3,yes,unfurnished
7299000,5288,2,1,2,yes,no,no,yes,yes,3,no,semi-furnished
10230000,9091,1,3,1,yes,no,no,no,yes,2,no,semi-furnished
9987000,7262,2,3,3,yes,yes,no,no,yes,1,no,furnished
7575000,8116,1,2,1,yes,no,no,yes,no,0,no,semi-furnished
9462000,7959,1,4,1,no,no,no,no,yes,3,no,unfurnished
5725000,3154,1,2,1,yes,no,no,no,no,3,yes,semi-furnished
8676000,4593,4,4,1,no,yes,no,no,no,2,yes,semi-furnished
9080000,5467,4,2,1,yes,no,no,no,no,3,yes,unfurnished
7790000,5731,4,3,1,no,yes,yes,no,yes,3,no,unfurnished
5278000,1872,3,3,3,no,no,yes,no,no,3,no,semi-furnished
8941000,6145,4,4,3,no,yes,no,no,no,2,no,semi-furnished
4426000,2811,1,2,1,no,no,yes,no,yes,0,no,semi-furnished
9484000,7818,5,2,1,yes,no,yes,no,no,0,no,semi-furnished
7025000,7305,3,1,2,yes,no,no,no,no,0,no,semi-furnished
11259000,9341,5,2,3,yes,no,no,no,yes,1,no,furnished
9119000,7830,1,4,3,yes,yes,no,no,no,2,no,unfurnished
8409000,4616,3,1,3,yes,yes,no,no,no,1,yes,unfurnished
13071000,9723,4,4,2,yes,yes,no,no,no,0,yes,unfurnished
6839000,4992,3,3,2,no,no,yes,no,no,0,no,unfurnished
5733000,4269,3,1,1,yes,no,no,no,no,3,no,unfurnished
8693000,9197,1,2,3,yes,no,no,no,no,3,no,unfurnished
7447000,4648,2,3,3,yes,no,yes,no,yes,1,yes,unfurnished
5008000,2148,2,2,1,yes,yes,no,no,no,3,no,semi-furnished
6910000,5491,2,1,3,yes,no,no,no,no,2,yes,semi-furnished
11619000,8263,4,3,1,yes,no,no,no,yes,3,yes,furnished
7541000,3110,4,3,3,yes,no,yes,no,no,3,yes,semi-furnished
8691000,5434,4,1,3,yes,no,yes,no,yes,2,yes,semi-furnished
5327000,2604,2,2,1,yes,no,no,no,yes,1,no,semi-furnished
10291000,7335,5,1,2,yes,yes,yes,no,yes,2,no,semi-furnished
7772000,5543,1,3,1,yes,no,yes,no,yes,1,no,semi-furnished
7019000,4306,2,3,2,yes,yes,no,no,yes,1,no,furnished
6816000,3428,1,3,3,yes,no,no,no,yes,2,no,unfurnished
7854000,6298,2,4,1,yes,no,no,no,no,2,no,unfurnished
11402000,7193,5,4,2,no,no,no,no,no,2,yes,furnished
9994000,9492,2,2,3,no,no,yes,yes,no,1,no,furnished
7612000,5215,5,1,1,yes,yes,yes,no,yes,1,no,semi-furnished
5554000,2865,3,3,1,yes,no,no,yes,no,0,no,unfurnished
11068000,8577,4,4,2,yes,no,no,no,no,2,no,unfurnished
10770000,6852,3,4,2,no,no,no,no,yes,2,yes,furnished
8213000,7452,2,1,2,yes,no,no,no,yes,3,no,unfurnished
5688000,2326,4,1,1,no,no,no,no,no,2,no,furnished
9015000,4155,5,1,3,yes,no,yes,no,yes,1,yes,semi-furnished
7739000,8026,2,1,2,yes,yes,no,no,no,0,no,unfurnished
10548000,8574,4,3,1,yes,no,no,no,no,0,no,furnished
9476000,5199,2,3,3,yes,yes,no,no,yes,1,no,furnished
11361000,8340,4,2,3,yes,no,no,no,yes,1,no,semi-furnished
9221000,8654,4,2,2,yes,no,no,no,no,1,no,semi-furnished
7532000,4793,3,4,1,no,yes,no,no,no,1,yes,unfurnished
11819000,9133,4,2,2,yes,yes,no,no,yes,3,no,unfurnished
6538000,3950,2,4,2,yes,no,no,no,no,0,no,furnished
5617000,3536,1,4,1,yes,no,no,no,no,1,no,furnished
7653000,7301,1,2,2,yes,no,no,no,no,0,yes,unfurnished
8163000,6912,3,1,3,yes,no,no,no,no,1,no,semi-furnished
7905000,2687,5,4,1,no,no,no,no,yes,2,yes,unfurnished
9880000,8578,1,3,3,yes,no,no,no,yes,0,yes,semi-furnished
5322000,3199,3,2,1,no,yes,no,no,no,1,no,furnished
10715000,8341,4,3,3,no,no,yes,no,yes,0,yes,unfurnished
5716000,1562,2,3,2,yes,no,no,no,no,3,yes,furnished
11308000,8273,4,4,1,no,no,no,no,no,2,no,semi-furnished
8901000,8188,2,2,3,no,no,no,no,yes,0,no,semi-furnished
10910000,8133,5,4,1,no,no,yes,no,no,0,no,semi-furnished
10234000,7151,3,4,2,yes,no,no,no,yes,0,yes,semi-furnished
6997000,5508,3,1,1,yes,yes,yes,no,no,1,no,semi-furnished
8054000,7493,1,1,3,yes,no,yes,no,yes,3,no,unfurnished
5740000,3855,3,3,3,yes,no,no,no,no,2,no,unfurnished
9319000,8136,5,1,3,yes,no,no,no,no,3,no,semi-furnished
6519000,6222,1,2,2,yes,yes,no,no,no,1,no,furnished
6665000,5400,4,2,2,yes,yes,no,no,no,1,no,unfurnished
8150000,5797,3,4,2,yes,no,yes,no,no,1,no,unfurnished
11110000,6334,4,4,3,yes,no,yes,no,no,0,yes,semi-furnished
5428000,1816,4,1,3,yes,no,no,no,no,3,no,semi-furnished
6372000,2688,3,4,1,no,no,no,no,no,0,no,semi-furnished
6216000,3586,2,1,2,yes,no,no,no,no,1,yes,furnished
6689000,2473,4,3,1,yes,no,no,no,no,2,no,semi-furnished
